<?xml version="1.0"?>
<!--
-->
<config xmlns:xsi="http://www.w3.org/2001/XMLSchema-instance" xsi:noNamespaceSchemaLocation="urn:magento:framework:Module/etc/module.xsd">
    <module name="BrunoCanada_HrefLang" setup_version="1.0.0">
        <sequence>
            <module name="Magento_Store" />
            <module name="Magento_Config" />
            <module name="Magento_Catalog" />
            <module name="Magento_Cms" />
            <module name="Magento_Theme" />
        </sequence>
    </module>
</config>
